{
  "project_info": {
    "project_number": "950139937937",
    "firebase_url": "https://pas-ue.firebaseio.com",
    "project_id": "pas-ue",
    "storage_bucket": "pas-ue.appspot.com"
  },
  "client": [
    {
      "client_info": {
        "mobilesdk_app_id": "1:950139937937:android:1901ded7c3759dffb20b30",
        "android_client_info": {
          "package_name": "com.example.pas_ue"
        }
      },
      "oauth_client": [
        {
          "client_id": "950139937937-9sl9j34k1eo3mu41bkgv2qi66pgd3d6j.apps.googleusercontent.com",
          "client_type": 1,
          "android_info": {
            "package_name": "com.example.pas_ue",
            "certificate_hash": "111d71d6f3265934d80bafd31762d2c5ea5faaff"
          }
        },
        {
          "client_id": "950139937937-dc31gd6jrafkmr2or15ovc1pvquirl1g.apps.googleusercontent.com",
          "client_type": 3
        }
      ],
      "api_key": [
        {
          "current_key": "AIzaSyDtoSNkGwQIhtyKe7drnwSZQUyWjLo4Ffg"
        }
      ],
      "services": {
        "appinvite_service": {
          "other_platform_oauth_client": [
            {
              "client_id": "950139937937-dc31gd6jrafkmr2or15ovc1pvquirl1g.apps.googleusercontent.com",
              "client_type": 3
            }
          ]
        }
      }
    }
  ],
  "configuration_version": "1"
}